Age,Attrition,BusinessTravel,DailyRate,Department,DistanceFromHome,Education,EducationField,EmployeeCount,EmployeeNumber,EnvironmentSatisfaction,Gender,HourlyRate,JobInvolvement,JobLevel,JobRole,JobSatisfaction,MaritalStatus,MonthlyIncome,MonthlyRate,NumCompaniesWorked,Over18,OverTime,PercentSalaryHike,PerformanceRating,RelationshipSatisfaction,StandardHours,StockOptionLevel,TotalWorkingYears,TrainingTimesLastYear,WorkLifeBalance,YearsAtCompany,YearsInCurrentRole,YearsSinceLastPromotion,YearsWithCurrManager,HighWorkloadRisk,PromotionStagnation
49,No,Travel_Frequently,279,Research & Development,8,1,Life Sciences,1,2,3,Male,61,2,2,Research Scientist,2,Married,5130,24907,1,Y,No,23,4,4,80,1,10,3,3,10,7,1,7,0,Recently Promoted
59,No,Travel_Rarely,1324,Research & Development,3,3,Medical,1,10,3,Female,81,4,1,Laboratory Technician,1,Married,2670,9964,4,Y,Yes,20,4,1,80,3,12,3,2,1,0,0,0,1,Recently Promoted
30,No,Travel_Rarely,1358,Research & Development,24,1,Life Sciences,1,11,4,Male,67,3,1,Laboratory Technician,3,Divorced,2693,13335,1,Y,No,22,4,2,80,1,1,2,3,1,0,0,0,0,Recently Promoted
38,No,Travel_Frequently,216,Research & Development,23,3,Life Sciences,1,12,4,Male,44,2,3,Manufacturing Director,3,Single,9526,8787,0,Y,No,21,4,2,80,0,10,2,3,9,7,1,8,0,Recently Promoted
36,Yes,Travel_Rarely,1218,Sales,9,4,Life Sciences,1,27,3,Male,82,2,1,Sales Representative,1,Single,3407,6986,7,Y,No,23,4,2,80,0,10,4,3,5,3,0,3,0,Recently Promoted
32,Yes,Travel_Frequently,1125,Research & Development,16,1,Life Sciences,1,33,2,Female,72,1,1,Research Scientist,1,Single,3919,4681,1,Y,Yes,22,4,2,80,0,10,5,3,10,2,6,7,1,Highly Stagnant
30,No,Travel_Frequently,721,Research & Development,1,2,Medical,1,57,3,Female,58,3,2,Laboratory Technician,4,Single,4011,10781,1,Y,No,23,4,4,80,0,12,2,3,12,8,3,7,0,Mid-Stagnant
34,No,Non-Travel,1065,Sales,23,4,Marketing,1,60,2,Male,72,3,2,Sales Executive,3,Single,4568,10034,0,Y,No,20,4,3,80,0,10,2,3,9,5,8,7,0,Highly Stagnant
37,No,Travel_Rarely,408,Research & Development,19,2,Life Sciences,1,61,2,Male,73,3,1,Research Scientist,2,Married,3022,10227,4,Y,No,21,4,1,80,0,8,1,3,1,0,0,0,0,Recently Promoted
46,No,Travel_Frequently,1211,Sales,5,4,Marketing,1,62,1,Male,98,3,2,Sales Executive,4,Single,5772,20445,4,Y,Yes,21,4,3,80,0,14,4,3,9,6,0,8,1,Recently Promoted
44,No,Travel_Rarely,1488,Sales,1,5,Marketing,1,68,2,Female,75,3,2,Sales Executive,1,Divorced,5454,4009,5,Y,Yes,21,4,3,80,1,9,2,2,4,3,1,3,1,Recently Promoted
35,No,Travel_Frequently,853,Sales,18,5,Life Sciences,1,74,2,Male,71,3,3,Sales Executive,1,Married,9069,11031,1,Y,No,22,4,4,80,1,9,3,2,9,8,1,8,0,Recently Promoted
31,No,Travel_Rarely,655,Research & Development,7,4,Life Sciences,1,76,4,Male,48,3,2,Laboratory Technician,4,Divorced,5915,9528,3,Y,No,22,4,4,80,1,10,3,2,7,7,1,7,0,Recently Promoted
32,No,Travel_Rarely,427,Research & Development,1,3,Medical,1,78,1,Male,33,3,2,Manufacturing Director,4,Married,6162,10877,1,Y,Yes,22,4,2,80,1,9,3,3,9,8,7,8,1,Highly Stagnant
29,No,Travel_Rarely,1328,Research & Development,2,3,Life Sciences,1,94,3,Male,76,3,1,Research Scientist,2,Married,2703,4956,0,Y,No,23,4,4,80,1,6,3,3,5,4,0,4,0,Recently Promoted
31,No,Travel_Rarely,746,Research & Development,8,4,Life Sciences,1,98,3,Female,61,3,2,Manufacturing Director,4,Single,4424,20682,1,Y,No,23,4,4,80,0,11,2,3,11,7,1,8,0,Recently Promoted
46,No,Travel_Rarely,945,Human Resources,5,2,Medical,1,103,2,Male,80,3,2,Human Resources,2,Divorced,5021,10425,8,Y,Yes,22,4,4,80,1,16,2,3,4,2,0,2,1,Recently Promoted
51,No,Travel_Rarely,432,Research & Development,9,4,Life Sciences,1,116,4,Male,96,3,1,Laboratory Technician,4,Married,2075,18725,3,Y,No,23,4,2,80,2,10,4,3,4,2,0,3,0,Recently Promoted
40,No,Travel_Frequently,530,Research & Development,1,4,Life Sciences,1,119,3,Male,78,2,4,Healthcare Representative,2,Married,13503,14115,1,Y,No,22,4,4,80,1,22,3,2,22,3,11,11,0,Highly Stagnant
51,No,Travel_Rarely,632,Sales,21,4,Marketing,1,120,3,Male,71,3,2,Sales Executive,4,Single,5441,8423,0,Y,Yes,22,4,4,80,0,11,2,1,10,7,1,0,1,Recently Promoted
24,No,Travel_Rarely,1353,Sales,3,2,Other,1,128,1,Female,33,3,2,Sales Executive,3,Married,4999,17519,0,Y,No,21,4,1,80,1,4,2,2,3,2,0,2,0,Recently Promoted
37,Yes,Travel_Rarely,807,Human Resources,6,4,Human Resources,1,133,3,Male,63,3,1,Human Resources,1,Divorced,2073,23648,4,Y,Yes,22,4,4,80,0,7,3,3,3,2,0,2,1,Recently Promoted
59,No,Non-Travel,1420,Human Resources,2,4,Human Resources,1,140,3,Female,32,2,5,Manager,4,Married,18844,21922,9,Y,No,21,4,4,80,1,30,3,3,3,2,2,2,0,Mid-Stagnant
51,No,Travel_Frequently,1456,Research & Development,1,4,Medical,1,145,1,Female,30,2,3,Healthcare Representative,1,Single,7484,25796,3,Y,No,20,4,3,80,0,23,1,2,13,12,12,8,0,Highly Stagnant
34,Yes,Travel_Frequently,658,Research & Development,7,3,Life Sciences,1,147,1,Male,66,1,2,Laboratory Technician,3,Single,6074,22887,1,Y,Yes,24,4,4,80,0,9,3,3,9,7,0,6,1,Recently Promoted
36,No,Travel_Rarely,922,Research & Development,3,2,Life Sciences,1,155,1,Female,39,3,1,Laboratory Technician,4,Divorced,2835,2561,5,Y,No,22,4,1,80,1,7,2,3,1,0,0,0,0,Recently Promoted
30,No,Travel_Frequently,1312,Research & Development,23,3,Life Sciences,1,159,1,Male,96,1,1,Research Scientist,3,Divorced,2613,22310,1,Y,No,25,4,3,80,3,10,2,2,10,7,0,9,0,Recently Promoted
26,No,Travel_Rarely,1355,Human Resources,25,1,Life Sciences,1,177,3,Female,61,3,1,Human Resources,3,Married,2942,8916,1,Y,No,23,4,4,80,1,8,3,3,8,7,5,7,0,Highly Stagnant
36,No,Travel_Rarely,216,Research & Development,6,2,Medical,1,178,2,Male,84,3,2,Manufacturing Director,2,Divorced,4941,2819,6,Y,No,20,4,4,80,2,7,0,3,3,2,0,1,0,Recently Promoted
32,Yes,Travel_Rarely,1033,Research & Development,9,3,Medical,1,190,1,Female,41,3,1,Laboratory Technician,1,Single,4200,10224,7,Y,No,22,4,1,80,0,10,2,4,5,4,0,4,0,Recently Promoted
38,No,Travel_Rarely,364,Research & Development,3,5,Technical Degree,1,193,4,Female,32,3,2,Research Scientist,3,Single,4317,2302,3,Y,Yes,20,4,2,80,0,19,2,3,3,2,2,2,1,Mid-Stagnant
41,No,Travel_Rarely,933,Research & Development,9,4,Life Sciences,1,200,3,Male,94,3,1,Laboratory Technician,1,Married,2238,6961,2,Y,No,21,4,4,80,1,7,2,3,5,0,1,4,0,Recently Promoted
53,No,Travel_Rarely,1436,Sales,6,2,Marketing,1,205,2,Male,34,3,2,Sales Representative,3,Married,2306,16047,2,Y,Yes,20,4,4,80,1,13,3,1,7,7,4,5,1,Highly Stagnant
58,No,Travel_Rarely,1145,Research & Development,9,3,Medical,1,214,2,Female,75,2,1,Research Scientist,2,Married,3346,11873,4,Y,Yes,20,4,2,80,1,9,3,2,1,0,0,0,1,Recently Promoted
22,No,Travel_Rarely,1256,Research & Development,19,1,Medical,1,217,3,Male,80,3,1,Research Scientist,4,Married,2323,11992,1,Y,No,24,4,1,80,2,2,6,3,2,2,2,2,0,Mid-Stagnant
38,No,Travel_Rarely,702,Sales,1,4,Life Sciences,1,230,1,Female,59,2,2,Sales Executive,4,Single,8686,12930,4,Y,No,22,4,3,80,0,12,2,4,8,3,0,7,0,Recently Promoted
32,No,Travel_Rarely,120,Research & Development,6,5,Life Sciences,1,231,3,Male,43,3,1,Research Scientist,3,Single,3038,12430,3,Y,No,20,4,1,80,0,8,2,3,5,4,1,4,0,Recently Promoted
19,Yes,Travel_Frequently,602,Sales,1,1,Technical Degree,1,235,3,Female,100,1,1,Sales Representative,1,Single,2325,20989,0,Y,No,21,4,1,80,0,1,5,4,0,0,0,0,0,Recently Promoted
19,Yes,Travel_Rarely,303,Research & Development,2,3,Life Sciences,1,243,2,Male,47,2,1,Laboratory Technician,4,Single,1102,9241,1,Y,No,22,4,3,80,0,1,3,2,1,0,1,0,0,Recently Promoted
46,No,Travel_Rarely,526,Sales,1,2,Marketing,1,244,2,Female,92,3,3,Sales Executive,1,Divorced,10453,2137,1,Y,No,25,4,3,80,3,24,2,3,24,13,15,7,0,Highly Stagnant
31,No,Travel_Rarely,140,Research & Development,12,1,Medical,1,246,3,Female,95,3,1,Research Scientist,4,Married,3929,6984,8,Y,Yes,23,4,3,80,1,7,0,3,4,2,0,2,1,Recently Promoted
41,Yes,Travel_Rarely,1356,Sales,20,2,Marketing,1,248,2,Female,70,3,1,Sales Representative,2,Single,3140,21728,1,Y,Yes,22,4,4,80,0,4,5,2,4,3,0,2,1,Recently Promoted
45,No,Non-Travel,1195,Research & Development,2,2,Medical,1,264,1,Male,65,2,4,Manager,4,Married,16792,20462,9,Y,No,23,4,4,80,1,22,1,3,20,8,11,8,0,Highly Stagnant
29,Yes,Travel_Rarely,121,Sales,27,3,Marketing,1,283,2,Female,35,3,3,Sales Executive,4,Married,7639,24525,1,Y,No,22,4,4,80,3,10,3,2,10,4,1,9,0,Recently Promoted
30,No,Non-Travel,829,Research & Development,1,1,Life Sciences,1,292,3,Male,88,2,3,Manufacturing Director,3,Single,8474,20925,1,Y,No,22,4,3,80,0,12,2,3,11,8,5,8,0,Highly Stagnant
33,No,Travel_Rarely,147,Research & Development,4,4,Medical,1,305,3,Female,47,2,1,Research Scientist,2,Married,2622,13248,6,Y,No,21,4,4,80,0,7,3,3,3,2,1,1,0,Recently Promoted
43,No,Travel_Rarely,1034,Sales,16,3,Marketing,1,327,4,Female,80,3,4,Manager,4,Married,16064,7744,5,Y,Yes,22,4,3,80,1,22,3,3,17,13,1,9,0,Recently Promoted
33,Yes,Travel_Rarely,465,Research & Development,2,2,Life Sciences,1,328,1,Female,39,3,1,Laboratory Technician,1,Married,2707,21509,7,Y,No,20,4,1,80,0,13,3,4,9,7,1,7,0,Recently Promoted
39,No,Travel_Frequently,505,Research & Development,2,4,Technical Degree,1,343,3,Female,64,3,3,Healthcare Representative,3,Single,10938,6420,0,Y,No,25,4,4,80,0,20,1,3,19,6,11,8,0,Highly Stagnant
32,No,Travel_Frequently,1311,Research & Development,7,3,Life Sciences,1,359,2,Male,100,4,1,Laboratory Technician,2,Married,2794,26062,1,Y,No,20,4,3,80,0,5,3,1,5,1,0,3,0,Recently Promoted
31,No,Travel_Rarely,1463,Research & Development,23,3,Medical,1,367,2,Male,64,2,2,Healthcare Representative,4,Married,5582,14408,0,Y,No,21,4,2,80,1,10,2,3,9,0,7,8,0,Highly Stagnant
28,No,Travel_Rarely,1158,Research & Development,9,3,Medical,1,377,4,Male,94,3,1,Research Scientist,4,Married,2070,2613,1,Y,No,23,4,4,80,1,5,3,2,5,2,0,4,0,Recently Promoted
38,No,Travel_Rarely,322,Sales,7,2,Medical,1,382,1,Female,44,4,2,Sales Executive,1,Divorced,5605,19191,1,Y,Yes,24,4,3,80,1,8,3,3,8,0,7,7,1,Highly Stagnant
26,No,Travel_Frequently,1479,Research & Development,1,3,Life Sciences,1,384,3,Female,84,3,2,Manufacturing Director,2,Divorced,6397,26767,1,Y,No,20,4,1,80,1,6,6,1,6,5,1,4,0,Recently Promoted
42,No,Travel_Rarely,635,Sales,1,1,Life Sciences,1,387,2,Male,99,3,2,Sales Executive,3,Married,4907,24532,1,Y,No,25,4,3,80,0,20,3,3,20,16,11,6,0,Highly Stagnant
44,Yes,Travel_Frequently,920,Research & Development,24,3,Life Sciences,1,392,4,Male,43,3,1,Laboratory Technician,3,Divorced,3161,19920,3,Y,Yes,22,4,4,80,1,19,0,1,1,0,0,0,1,Recently Promoted
28,No,Travel_Rarely,1117,Research & Development,8,2,Life Sciences,1,395,4,Female,66,3,1,Research Scientist,4,Single,3310,4488,1,Y,No,21,4,4,80,0,5,3,3,5,3,0,2,0,Recently Promoted
31,No,Travel_Frequently,798,Research & Development,7,2,Life Sciences,1,442,3,Female,48,2,3,Manufacturing Director,3,Married,8943,14034,1,Y,No,24,4,1,80,1,10,2,3,10,9,8,9,0,Highly Stagnant
40,No,Travel_Rarely,1124,Sales,1,2,Medical,1,453,2,Male,57,1,2,Sales Executive,4,Married,7457,13273,2,Y,Yes,22,4,3,80,3,6,2,2,4,3,0,2,1,Recently Promoted
48,No,Travel_Rarely,530,Sales,29,1,Medical,1,473,1,Female,91,3,3,Manager,3,Married,12504,23978,3,Y,No,21,4,2,80,1,15,3,1,0,0,0,0,0,Recently Promoted
42,No,Travel_Rarely,1332,Research & Development,2,4,Other,1,477,1,Male,98,2,2,Healthcare Representative,4,Single,6781,17078,3,Y,No,23,4,2,80,0,14,6,3,1,0,0,0,0,Recently Promoted
21,No,Non-Travel,895,Sales,9,2,Medical,1,484,1,Male,39,3,1,Sales Representative,4,Single,2610,2851,1,Y,No,24,4,3,80,0,3,3,2,3,2,2,2,0,Mid-Stagnant
37,No,Travel_Rarely,921,Research & Development,10,3,Medical,1,486,3,Female,98,3,1,Laboratory Technician,1,Married,3452,17663,6,Y,No,20,4,2,80,1,17,3,3,5,4,0,3,0,Recently Promoted
49,No,Travel_Rarely,1261,Research & Development,7,3,Other,1,499,2,Male,31,2,3,Healthcare Representative,3,Single,10965,12066,8,Y,No,24,4,3,80,0,26,2,3,5,2,0,0,0,Recently Promoted
26,Yes,Travel_Frequently,575,Research & Development,3,1,Technical Degree,1,510,3,Male,73,3,1,Research Scientist,1,Single,3102,6582,0,Y,No,22,4,3,80,0,7,2,3,6,4,0,4,0,Recently Promoted
30,Yes,Travel_Frequently,464,Research & Development,4,3,Technical Degree,1,514,3,Male,40,3,1,Research Scientist,4,Single,2285,3427,9,Y,Yes,23,4,3,80,0,3,4,3,1,0,0,0,1,Recently Promoted
40,No,Travel_Rarely,555,Research & Development,2,3,Medical,1,521,2,Female,78,2,2,Laboratory Technician,3,Married,3448,13436,6,Y,No,22,4,2,80,1,20,3,3,1,0,0,0,0,Recently Promoted
43,No,Travel_Frequently,313,Research & Development,21,3,Medical,1,525,4,Male,61,3,1,Laboratory Technician,4,Married,2258,15238,7,Y,No,20,4,1,80,1,8,1,3,3,2,1,2,0,Recently Promoted
45,No,Travel_Rarely,192,Research & Development,10,2,Life Sciences,1,544,1,Male,69,3,1,Research Scientist,4,Married,2654,9655,3,Y,No,21,4,4,80,2,8,3,2,2,2,0,2,0,Recently Promoted
30,No,Travel_Rarely,317,Research & Development,2,3,Life Sciences,1,548,3,Female,43,1,2,Manufacturing Director,4,Single,6091,24793,2,Y,No,20,4,3,80,0,11,2,3,5,4,0,2,0,Recently Promoted
38,No,Travel_Frequently,1490,Research & Development,2,2,Life Sciences,1,556,4,Male,42,3,1,Laboratory Technician,4,Married,1702,12106,1,Y,Yes,23,4,3,80,1,1,3,3,1,0,0,0,1,Recently Promoted
26,No,Travel_Rarely,1349,Research & Development,23,3,Life Sciences,1,560,1,Female,90,3,1,Research Scientist,4,Divorced,2886,3032,1,Y,No,22,4,2,80,2,3,3,1,3,2,0,2,0,Recently Promoted
31,No,Travel_Rarely,1274,Research & Development,9,1,Life Sciences,1,581,3,Male,33,3,3,Manufacturing Director,2,Divorced,10648,14394,1,Y,No,25,4,4,80,1,13,6,4,13,8,0,8,0,Recently Promoted
55,No,Travel_Rarely,1117,Sales,18,5,Life Sciences,1,597,1,Female,83,3,4,Manager,2,Single,16835,9873,3,Y,No,23,4,4,80,0,37,2,3,10,9,7,7,0,Highly Stagnant
42,No,Travel_Rarely,319,Research & Development,24,3,Medical,1,605,4,Male,56,3,3,Manufacturing Director,1,Married,7406,6950,1,Y,Yes,21,4,4,80,1,10,5,2,10,9,5,8,1,Highly Stagnant
31,No,Travel_Rarely,688,Sales,7,3,Life Sciences,1,613,3,Male,44,2,3,Manager,4,Divorced,11557,25291,9,Y,No,21,4,3,80,1,10,3,2,5,4,0,1,0,Recently Promoted
26,No,Travel_Rarely,703,Sales,28,2,Marketing,1,641,1,Male,66,3,2,Sales Executive,2,Married,6272,7428,1,Y,No,20,4,4,80,2,6,5,4,5,3,1,4,0,Recently Promoted
24,No,Travel_Rarely,823,Research & Development,17,2,Other,1,643,4,Male,94,2,1,Laboratory Technician,2,Married,2127,9100,1,Y,No,21,4,4,80,1,1,2,3,1,0,0,0,0,Recently Promoted
31,No,Travel_Rarely,525,Sales,6,4,Medical,1,653,1,Male,66,4,2,Sales Executive,4,Divorced,5460,6219,4,Y,No,22,4,4,80,2,13,4,4,7,7,5,7,0,Highly Stagnant
22,No,Travel_Rarely,604,Research & Development,6,1,Medical,1,675,1,Male,69,3,1,Research Scientist,3,Married,2773,12145,0,Y,No,20,4,4,80,0,3,3,3,2,2,2,2,0,Mid-Stagnant
30,No,Travel_Frequently,160,Research & Development,3,3,Medical,1,680,3,Female,71,3,1,Research Scientist,3,Divorced,2083,22653,1,Y,No,20,4,3,80,1,1,2,3,1,0,0,0,0,Recently Promoted
53,No,Travel_Rarely,238,Sales,1,1,Medical,1,682,4,Female,34,3,2,Sales Executive,1,Single,8381,7507,7,Y,No,20,4,4,80,0,18,2,4,14,7,8,10,0,Highly Stagnant
33,No,Travel_Frequently,1296,Research & Development,6,3,Life Sciences,1,692,3,Male,30,3,2,Healthcare Representative,4,Divorced,7725,5335,3,Y,No,23,4,3,80,1,15,2,1,13,11,4,7,0,Highly Stagnant
25,No,Travel_Rarely,810,Sales,8,3,Life Sciences,1,707,4,Male,57,4,2,Sales Executive,2,Married,4851,15678,0,Y,No,22,4,3,80,1,4,4,3,3,2,1,2,0,Recently Promoted
38,No,Travel_Rarely,243,Sales,7,4,Marketing,1,709,4,Female,46,2,2,Sales Executive,4,Single,4028,7791,0,Y,No,20,4,1,80,0,8,2,3,7,7,0,5,0,Recently Promoted
27,No,Travel_Frequently,1410,Sales,3,1,Medical,1,714,4,Female,71,4,2,Sales Executive,4,Divorced,4647,16673,1,Y,Yes,20,4,2,80,2,6,3,3,6,5,0,4,1,Recently Promoted
40,No,Travel_Frequently,580,Sales,5,4,Life Sciences,1,729,4,Male,48,2,3,Sales Executive,1,Married,10475,23772,5,Y,Yes,21,4,3,80,1,20,2,3,18,13,1,12,1,Recently Promoted
27,No,Travel_Frequently,294,Research & Development,10,2,Life Sciences,1,733,4,Male,32,3,3,Manufacturing Director,1,Divorced,8793,4809,1,Y,No,21,4,3,80,2,9,4,2,9,7,1,7,0,Recently Promoted
30,No,Travel_Rarely,501,Sales,27,5,Marketing,1,747,3,Male,99,3,2,Sales Executive,4,Divorced,5304,25275,7,Y,No,23,4,4,80,1,10,2,2,8,7,7,7,0,Highly Stagnant
40,No,Travel_Rarely,804,Research & Development,2,1,Medical,1,763,4,Female,86,2,1,Research Scientist,4,Single,2342,22929,0,Y,Yes,20,4,4,80,0,5,2,2,4,2,2,3,1,Mid-Stagnant
25,No,Travel_Rarely,883,Sales,26,1,Medical,1,781,3,Female,32,3,2,Sales Executive,4,Single,6180,22807,1,Y,No,23,4,2,80,0,6,5,2,6,5,1,4,0,Recently Promoted
34,No,Travel_Rarely,304,Sales,2,3,Other,1,786,4,Male,60,3,2,Sales Executive,4,Single,6274,18686,1,Y,No,22,4,3,80,0,6,5,3,6,5,1,4,0,Recently Promoted
30,No,Travel_Rarely,921,Research & Development,1,3,Life Sciences,1,806,4,Male,38,1,1,Laboratory Technician,3,Married,3833,24375,3,Y,No,21,4,3,80,2,7,2,3,2,2,0,2,0,Recently Promoted
40,No,Travel_Frequently,791,Research & Development,2,2,Medical,1,807,3,Female,38,4,2,Healthcare Representative,2,Married,4244,9931,1,Y,No,24,4,4,80,1,8,2,3,8,7,3,7,0,Mid-Stagnant
23,Yes,Travel_Rarely,1243,Research & Development,6,3,Life Sciences,1,811,3,Male,63,4,1,Laboratory Technician,1,Married,1601,3445,1,Y,Yes,21,4,3,80,2,1,2,3,0,0,0,0,1,Recently Promoted
52,No,Travel_Rarely,1325,Research & Development,11,4,Life Sciences,1,813,4,Female,82,3,2,Laboratory Technician,3,Married,3149,21821,8,Y,No,20,4,2,80,1,9,3,3,5,2,1,4,0,Recently Promoted
29,No,Travel_Rarely,1252,Research & Development,23,2,Life Sciences,1,824,3,Male,81,4,1,Research Scientist,3,Married,2700,23779,1,Y,No,24,4,3,80,1,10,3,3,10,7,0,7,0,Recently Promoted
30,No,Travel_Rarely,946,Research & Development,2,3,Medical,1,833,3,Female,52,2,2,Manufacturing Director,4,Single,6877,20234,5,Y,Yes,24,4,2,80,0,12,4,2,0,0,0,0,1,Recently Promoted
43,No,Travel_Rarely,589,Research & Development,14,2,Life Sciences,1,843,2,Male,94,3,4,Research Director,1,Married,17159,5200,6,Y,No,24,4,3,80,1,22,3,3,4,1,1,0,0,Recently Promoted
35,No,Travel_Rarely,950,Research & Development,7,3,Other,1,845,3,Male,59,3,3,Manufacturing Director,3,Single,10221,18869,3,Y,No,21,4,2,80,0,17,3,4,8,5,1,6,0,Recently Promoted
28,No,Travel_Rarely,760,Sales,2,4,Marketing,1,846,2,Female,81,3,2,Sales Executive,2,Married,4779,3698,1,Y,Yes,20,4,1,80,0,8,2,3,8,7,7,5,1,Highly Stagnant
33,No,Travel_Rarely,586,Sales,1,3,Medical,1,855,1,Male,48,4,2,Sales Executive,1,Divorced,4037,21816,1,Y,No,22,4,1,80,1,9,5,3,9,8,0,8,0,Recently Promoted
52,No,Travel_Frequently,890,Research & Development,25,4,Medical,1,867,3,Female,81,2,4,Manufacturing Director,4,Married,13826,19028,3,Y,No,22,4,3,80,0,31,3,3,9,8,0,0,0,Recently Promoted
22,No,Travel_Rarely,1230,Research & Development,1,2,Life Sciences,1,872,4,Male,33,2,2,Manufacturing Director,4,Married,4775,19146,6,Y,No,22,4,1,80,2,4,2,1,2,2,2,2,0,Mid-Stagnant
44,No,Travel_Rarely,986,Research & Development,8,4,Life Sciences,1,874,1,Male,62,4,1,Laboratory Technician,4,Married,2818,5044,2,Y,Yes,24,4,3,80,1,10,2,2,3,2,0,2,1,Recently Promoted
36,No,Travel_Rarely,1278,Human Resources,8,3,Life Sciences,1,878,1,Male,77,2,1,Human Resources,1,Married,2342,8635,0,Y,No,21,4,3,80,0,6,3,3,5,4,0,3,0,Recently Promoted
35,No,Travel_Rarely,607,Research & Development,9,3,Life Sciences,1,880,4,Female,66,2,3,Manufacturing Director,3,Married,10685,23457,1,Y,Yes,20,4,2,80,1,17,2,3,17,14,5,15,1,Highly Stagnant
47,No,Travel_Rarely,249,Sales,2,2,Marketing,1,903,3,Female,35,3,2,Sales Executive,4,Married,4537,17783,0,Y,Yes,22,4,1,80,1,8,2,3,7,6,7,7,1,Highly Stagnant
32,Yes,Travel_Rarely,374,Research & Development,25,4,Life Sciences,1,911,1,Male,87,3,1,Laboratory Technician,4,Single,2795,18016,1,Y,Yes,24,4,3,80,0,1,2,1,1,0,0,1,1,Recently Promoted
43,No,Travel_Rarely,177,Research & Development,8,3,Life Sciences,1,920,1,Female,55,3,2,Manufacturing Director,2,Divorced,4765,23814,4,Y,No,21,4,3,80,1,4,2,4,1,0,0,0,0,Recently Promoted
39,Yes,Travel_Rarely,1122,Research & Development,6,3,Medical,1,932,4,Male,70,3,1,Laboratory Technician,1,Married,2404,4303,7,Y,Yes,21,4,4,80,0,8,2,1,2,2,2,2,1,Mid-Stagnant
35,No,Travel_Rarely,1137,Research & Development,21,1,Life Sciences,1,942,4,Female,51,3,2,Healthcare Representative,4,Married,4014,19170,1,Y,Yes,25,4,4,80,1,10,2,1,10,6,0,7,1,Recently Promoted
32,No,Non-Travel,1184,Research & Development,1,3,Life Sciences,1,951,3,Female,70,2,1,Laboratory Technician,2,Married,2332,3974,6,Y,No,20,4,3,80,0,5,3,3,3,0,0,2,0,Recently Promoted
36,No,Travel_Rarely,938,Research & Development,2,4,Medical,1,958,3,Male,79,3,1,Laboratory Technician,3,Single,2519,12287,4,Y,No,21,4,3,80,0,16,6,3,11,8,3,9,0,Mid-Stagnant
58,Yes,Travel_Rarely,289,Research & Development,2,3,Technical Degree,1,977,4,Male,51,3,1,Research Scientist,3,Single,2479,26227,4,Y,No,24,4,1,80,0,7,4,3,1,0,0,0,0,Recently Promoted
31,Yes,Non-Travel,335,Research & Development,9,2,Medical,1,991,3,Male,46,2,1,Research Scientist,1,Single,2321,10322,0,Y,Yes,22,4,1,80,0,4,0,3,3,2,1,2,1,Recently Promoted
29,Yes,Travel_Rarely,906,Research & Development,10,3,Life Sciences,1,994,4,Female,92,2,1,Research Scientist,1,Single,2404,11479,6,Y,Yes,20,4,3,80,0,3,5,3,0,0,0,0,1,Recently Promoted
50,No,Travel_Rarely,1126,Research & Development,1,2,Medical,1,997,4,Male,66,3,4,Research Director,4,Divorced,17399,6615,9,Y,No,22,4,3,80,1,32,1,2,5,4,1,3,0,Recently Promoted
35,Yes,Travel_Rarely,622,Research & Development,14,4,Other,1,1010,3,Male,39,2,1,Laboratory Technician,2,Divorced,3743,10074,1,Y,Yes,24,4,4,80,1,5,2,1,4,2,0,2,1,Recently Promoted
35,No,Travel_Rarely,802,Research & Development,10,3,Other,1,1028,2,Male,45,3,1,Laboratory Technician,4,Divorced,3917,9541,1,Y,No,20,4,1,80,1,3,4,2,3,2,1,2,0,Recently Promoted
41,No,Non-Travel,247,Research & Development,7,1,Life Sciences,1,1035,2,Female,55,1,5,Research Director,3,Divorced,19973,20284,1,Y,No,22,4,2,80,2,21,3,3,21,16,5,10,0,Highly Stagnant
28,No,Travel_Rarely,1144,Sales,10,1,Medical,1,1056,4,Male,74,3,1,Sales Representative,2,Married,1052,23384,1,Y,No,22,4,2,80,0,1,5,3,1,0,0,0,0,Recently Promoted
46,No,Travel_Rarely,1003,Research & Development,8,4,Life Sciences,1,1080,4,Female,74,2,2,Research Scientist,1,Divorced,4615,21029,8,Y,Yes,23,4,1,80,3,19,2,3,16,13,1,7,1,Recently Promoted
40,No,Travel_Rarely,1492,Research & Development,20,4,Technical Degree,1,1092,1,Male,61,3,3,Healthcare Representative,4,Married,10322,26542,4,Y,No,20,4,4,80,1,14,6,3,11,10,11,1,0,Highly Stagnant
35,Yes,Travel_Rarely,1204,Sales,4,3,Technical Degree,1,1100,4,Male,86,3,3,Sales Executive,1,Single,9582,10333,0,Y,Yes,22,4,1,80,0,9,2,3,8,7,4,7,1,Highly Stagnant
33,Yes,Travel_Frequently,827,Research & Development,29,4,Medical,1,1101,1,Female,54,2,2,Research Scientist,3,Single,4508,3129,1,Y,No,22,4,2,80,0,14,4,3,13,7,3,8,0,Mid-Stagnant
26,Yes,Travel_Rarely,1330,Research & Development,21,3,Medical,1,1107,1,Male,37,3,1,Laboratory Technician,3,Divorced,2377,19373,1,Y,No,20,4,3,80,1,1,0,2,1,1,0,0,0,Recently Promoted
33,Yes,Travel_Rarely,1017,Research & Development,25,3,Medical,1,1108,1,Male,55,2,1,Research Scientist,2,Single,2313,2993,4,Y,Yes,20,4,2,80,0,5,0,3,2,2,2,2,1,Mid-Stagnant
48,No,Non-Travel,1262,Research & Development,1,4,Medical,1,1116,1,Male,35,4,4,Manager,4,Single,16885,16154,2,Y,No,22,4,3,80,0,27,3,2,5,4,2,1,0,Mid-Stagnant
29,No,Travel_Rarely,1107,Research & Development,28,4,Life Sciences,1,1120,3,Female,93,3,1,Research Scientist,4,Divorced,2514,26968,4,Y,No,22,4,1,80,1,11,1,3,7,5,1,7,0,Recently Promoted
36,No,Non-Travel,217,Research & Development,18,4,Life Sciences,1,1133,1,Male,78,3,2,Manufacturing Director,4,Single,7779,23238,2,Y,No,20,4,1,80,0,18,0,3,11,9,0,9,0,Recently Promoted
34,No,Travel_Rarely,1400,Sales,9,1,Life Sciences,1,1163,2,Female,70,3,2,Sales Executive,3,Married,5714,5829,1,Y,No,20,4,1,80,0,6,3,2,6,5,1,3,0,Recently Promoted
24,No,Travel_Rarely,477,Research & Development,24,3,Medical,1,1173,4,Male,49,3,1,Laboratory Technician,2,Single,3597,6409,8,Y,No,22,4,4,80,0,6,2,3,4,3,1,2,0,Recently Promoted
26,No,Travel_Rarely,1384,Research & Development,3,4,Medical,1,1177,1,Male,82,4,1,Laboratory Technician,4,Married,4420,13421,1,Y,No,22,4,2,80,1,8,2,3,8,7,0,7,0,Recently Promoted
34,No,Travel_Frequently,669,Research & Development,1,3,Medical,1,1184,4,Male,97,2,2,Healthcare Representative,1,Single,5343,25755,0,Y,No,20,4,3,80,0,14,3,3,13,9,4,9,0,Highly Stagnant
19,No,Travel_Rarely,645,Research & Development,9,2,Life Sciences,1,1193,3,Male,54,3,1,Research Scientist,1,Single,2552,7172,1,Y,No,25,4,3,80,0,1,4,3,1,1,0,0,0,Recently Promoted
46,No,Travel_Rarely,1402,Sales,2,3,Marketing,1,1204,3,Female,69,3,4,Manager,1,Married,17048,24097,8,Y,No,23,4,1,80,0,28,2,3,26,15,15,9,0,Highly Stagnant
50,No,Travel_Frequently,1421,Research & Development,2,3,Medical,1,1215,4,Female,30,3,4,Manager,1,Married,17856,9490,2,Y,No,22,4,3,80,1,32,3,3,2,2,2,2,0,Mid-Stagnant
44,No,Travel_Rarely,200,Research & Development,29,4,Other,1,1225,4,Male,32,3,2,Research Scientist,4,Single,4541,7744,1,Y,No,25,4,2,80,0,20,3,3,20,11,13,17,0,Highly Stagnant
32,No,Travel_Frequently,116,Research & Development,13,3,Other,1,1234,3,Female,77,2,1,Laboratory Technician,2,Married,2743,7331,1,Y,No,20,4,3,80,1,2,2,3,2,2,2,2,0,Mid-Stagnant
36,No,Travel_Rarely,363,Research & Development,1,3,Technical Degree,1,1237,3,Female,77,1,3,Manufacturing Director,1,Divorced,10252,4235,2,Y,Yes,21,4,3,80,1,17,2,3,7,7,7,7,1,Highly Stagnant
30,No,Travel_Rarely,1465,Research & Development,1,3,Medical,1,1241,4,Male,63,3,1,Research Scientist,2,Married,3579,9369,0,Y,Yes,21,4,1,80,1,12,2,3,11,9,5,7,1,Highly Stagnant
19,Yes,Non-Travel,504,Research & Development,10,3,Medical,1,1248,1,Female,96,2,1,Research Scientist,2,Single,1859,6148,1,Y,Yes,25,4,2,80,0,1,2,4,1,1,0,0,1,Recently Promoted
23,No,Travel_Rarely,373,Research & Development,1,2,Life Sciences,1,1270,4,Male,47,3,1,Research Scientist,3,Married,1223,16901,1,Y,No,22,4,4,80,1,1,2,3,1,0,0,1,0,Recently Promoted
26,No,Travel_Rarely,583,Research & Development,4,2,Life Sciences,1,1275,3,Male,53,3,1,Research Scientist,4,Single,2875,9973,1,Y,Yes,20,4,2,80,0,8,2,2,8,5,2,2,1,Mid-Stagnant
21,Yes,Travel_Frequently,251,Research & Development,10,2,Life Sciences,1,1279,1,Female,45,2,1,Laboratory Technician,3,Single,2625,25308,1,Y,No,20,4,3,80,0,2,2,1,2,2,2,2,0,Mid-Stagnant
51,No,Travel_Frequently,237,Sales,9,3,Life Sciences,1,1282,4,Male,83,3,5,Manager,2,Divorced,19847,19196,4,Y,Yes,24,4,1,80,1,31,5,2,29,10,11,10,0,Highly Stagnant
45,No,Travel_Frequently,364,Research & Development,25,3,Medical,1,1306,2,Female,83,3,5,Manager,2,Single,18061,13035,3,Y,No,22,4,3,80,0,22,4,3,0,0,0,0,0,Recently Promoted
30,No,Travel_Rarely,634,Research & Development,17,4,Medical,1,1321,2,Female,95,3,3,Manager,1,Married,11916,25927,1,Y,Yes,23,4,4,80,2,9,2,3,9,1,0,8,1,Recently Promoted
40,No,Travel_Rarely,329,Research & Development,1,4,Life Sciences,1,1361,2,Male,88,3,1,Laboratory Technician,2,Married,2387,6762,3,Y,No,22,4,3,80,1,7,3,3,4,2,0,3,0,Recently Promoted
27,No,Travel_Frequently,793,Sales,2,1,Life Sciences,1,1371,4,Male,43,1,2,Sales Executive,4,Single,5071,20392,3,Y,No,20,4,2,80,0,8,3,3,6,2,0,0,0,Recently Promoted
34,No,Non-Travel,999,Research & Development,26,1,Technical Degree,1,1374,1,Female,92,2,1,Research Scientist,3,Divorced,2029,15891,1,Y,No,20,4,3,80,3,5,2,3,5,4,0,0,0,Recently Promoted
40,No,Travel_Rarely,1202,Research & Development,2,1,Medical,1,1375,2,Female,89,4,2,Healthcare Representative,3,Divorced,6377,13888,5,Y,No,20,4,2,80,3,15,0,3,12,11,11,8,0,Highly Stagnant
39,No,Non-Travel,1485,Research & Development,25,2,Life Sciences,1,1397,3,Male,71,3,3,Healthcare Representative,3,Married,10920,3449,3,Y,No,21,4,2,80,1,13,2,3,6,4,0,5,0,Recently Promoted
49,Yes,Travel_Frequently,1475,Research & Development,28,2,Life Sciences,1,1420,1,Male,97,2,2,Laboratory Technician,1,Single,4284,22710,3,Y,No,20,4,1,80,0,20,2,3,4,3,1,3,0,Recently Promoted
58,No,Travel_Rarely,1055,Research & Development,1,3,Medical,1,1423,4,Female,76,3,5,Research Director,1,Married,19701,22456,3,Y,Yes,21,4,3,80,1,32,3,3,9,8,1,5,0,Recently Promoted
56,No,Travel_Rarely,1255,Research & Development,1,2,Life Sciences,1,1441,1,Female,90,3,1,Research Scientist,1,Married,2066,10494,2,Y,No,22,4,4,80,1,5,3,4,3,2,1,0,0,Recently Promoted
39,Yes,Non-Travel,592,Research & Development,2,3,Life Sciences,1,1458,1,Female,54,2,1,Laboratory Technician,1,Single,3646,17181,2,Y,Yes,23,4,2,80,0,11,2,4,1,0,0,0,1,Recently Promoted
57,No,Travel_Rarely,405,Research & Development,1,2,Life Sciences,1,1483,2,Male,93,4,2,Research Scientist,3,Married,4900,2721,0,Y,No,24,4,1,80,1,13,2,2,12,9,2,8,0,Mid-Stagnant
34,Yes,Travel_Rarely,790,Sales,24,4,Medical,1,1489,1,Female,40,2,2,Sales Executive,2,Single,4599,7815,0,Y,Yes,23,4,3,80,0,16,2,4,15,9,10,10,1,Highly Stagnant
30,No,Travel_Rarely,330,Human Resources,1,3,Life Sciences,1,1499,3,Male,46,3,1,Human Resources,3,Divorced,2064,15428,0,Y,No,21,4,1,80,1,6,3,4,5,3,1,3,0,Recently Promoted
49,No,Travel_Rarely,271,Research & Development,3,2,Medical,1,1509,3,Female,43,2,2,Laboratory Technician,1,Married,4789,23070,4,Y,No,25,4,1,80,1,10,3,3,3,2,1,2,0,Recently Promoted
32,No,Travel_Rarely,495,Research & Development,10,3,Medical,1,1516,3,Male,64,3,3,Manager,4,Single,11244,21072,2,Y,No,25,4,2,80,0,10,5,4,5,2,0,0,0,Recently Promoted
54,No,Travel_Frequently,1050,Research & Development,11,4,Medical,1,1520,2,Female,87,3,4,Manager,4,Divorced,16032,24456,3,Y,No,20,4,1,80,1,26,2,3,14,9,1,12,0,Recently Promoted
34,No,Travel_Rarely,1440,Sales,7,2,Technical Degree,1,1541,2,Male,55,3,1,Sales Representative,3,Married,2308,4944,0,Y,Yes,25,4,2,80,1,12,4,3,11,10,5,7,1,Highly Stagnant
45,No,Travel_Rarely,950,Research & Development,28,3,Technical Degree,1,1546,4,Male,97,3,1,Research Scientist,4,Married,2132,4585,4,Y,No,20,4,4,80,1,8,3,3,5,4,0,3,0,Recently Promoted
40,No,Travel_Rarely,898,Human Resources,6,2,Medical,1,1550,3,Male,38,3,4,Manager,4,Single,16437,17381,1,Y,Yes,21,4,4,80,0,21,2,3,21,7,7,7,0,Highly Stagnant
35,No,Travel_Rarely,1402,Sales,28,4,Life Sciences,1,1554,2,Female,98,2,1,Sales Representative,3,Married,2430,26204,0,Y,No,23,4,1,80,2,6,5,3,5,3,4,2,0,Highly Stagnant
36,No,Travel_Rarely,1157,Sales,2,4,Life Sciences,1,1556,3,Male,70,3,1,Sales Representative,4,Single,2644,17001,3,Y,Yes,21,4,4,80,0,7,3,2,3,2,1,2,1,Recently Promoted
55,No,Travel_Rarely,685,Sales,26,5,Marketing,1,1578,3,Male,60,2,5,Manager,4,Married,19586,23037,1,Y,No,21,4,3,80,1,36,3,3,36,6,2,13,0,Mid-Stagnant
26,No,Travel_Rarely,474,Research & Development,3,3,Life Sciences,1,1581,1,Female,89,3,1,Research Scientist,4,Married,2061,11133,1,Y,No,21,4,1,80,0,1,5,3,1,0,0,0,0,Recently Promoted
42,No,Travel_Rarely,1059,Research & Development,9,2,Other,1,1595,4,Male,93,2,5,Manager,4,Single,19613,26362,8,Y,No,22,4,4,80,0,24,2,3,1,0,0,1,0,Recently Promoted
28,No,Travel_Rarely,580,Research & Development,27,3,Medical,1,1622,2,Female,39,1,2,Manufacturing Director,1,Divorced,4877,20460,0,Y,No,21,4,2,80,1,6,5,2,5,3,0,0,0,Recently Promoted
48,No,Travel_Frequently,365,Research & Development,4,5,Medical,1,1644,3,Male,89,2,4,Manager,4,Married,15202,5602,2,Y,No,25,4,2,80,1,23,3,3,2,2,2,2,0,Mid-Stagnant
39,No,Travel_Rarely,492,Research & Development,12,3,Medical,1,1654,4,Male,66,3,2,Manufacturing Director,2,Married,5295,7693,4,Y,No,21,4,3,80,0,7,3,3,5,4,1,0,0,Recently Promoted
36,No,Travel_Rarely,1040,Research & Development,3,2,Life Sciences,1,1664,4,Male,79,4,2,Healthcare Representative,1,Divorced,6842,26308,6,Y,No,20,4,1,80,1,13,3,3,5,4,0,4,0,Recently Promoted
54,No,Travel_Rarely,584,Research & Development,22,5,Medical,1,1665,2,Female,91,3,4,Manager,3,Married,17426,18685,3,Y,No,25,4,3,80,1,36,6,3,10,8,4,7,0,Highly Stagnant
43,No,Travel_Rarely,1291,Research & Development,15,2,Life Sciences,1,1666,3,Male,65,2,4,Research Director,3,Married,17603,3525,1,Y,No,24,4,1,80,1,14,3,3,14,10,6,11,0,Highly Stagnant
35,Yes,Travel_Frequently,880,Sales,12,4,Other,1,1667,4,Male,36,3,2,Sales Executive,4,Single,4581,10414,3,Y,Yes,24,4,1,80,0,13,2,4,11,9,6,7,1,Highly Stagnant
38,No,Travel_Frequently,148,Research & Development,2,3,Medical,1,1675,4,Female,42,2,1,Laboratory Technician,2,Single,2440,23826,1,Y,No,22,4,2,80,0,4,3,3,4,3,3,3,0,Mid-Stagnant
33,No,Non-Travel,530,Sales,16,3,Life Sciences,1,1681,3,Female,36,3,2,Sales Executive,4,Divorced,5368,16130,1,Y,Yes,25,4,3,80,1,7,2,3,6,5,1,2,1,Recently Promoted
26,No,Non-Travel,786,Research & Development,7,3,Medical,1,1693,4,Male,76,3,1,Laboratory Technician,4,Single,2570,11925,1,Y,No,20,4,3,80,0,7,5,3,7,7,5,7,0,Highly Stagnant
60,No,Travel_Rarely,370,Research & Development,1,4,Medical,1,1697,3,Male,92,1,3,Healthcare Representative,4,Divorced,10883,20467,3,Y,No,20,4,3,80,1,19,2,4,1,0,0,0,0,Recently Promoted
23,Yes,Travel_Rarely,427,Sales,7,3,Life Sciences,1,1702,3,Male,99,3,1,Sales Representative,4,Divorced,2275,25103,1,Y,Yes,21,4,2,80,1,3,2,3,3,2,0,2,1,Recently Promoted
45,No,Non-Travel,1238,Research & Development,1,1,Life Sciences,1,1712,3,Male,74,2,3,Healthcare Representative,3,Married,10748,3395,3,Y,No,23,4,4,80,1,25,3,2,23,15,14,4,0,Highly Stagnant
31,No,Travel_Frequently,163,Research & Development,24,1,Technical Degree,1,1736,4,Female,30,3,2,Manufacturing Director,4,Single,5238,6670,2,Y,No,20,4,4,80,0,9,3,2,5,4,1,4,0,Recently Promoted
45,No,Travel_Rarely,176,Human Resources,4,3,Life Sciences,1,1744,3,Female,56,1,3,Human Resources,3,Married,9756,6595,4,Y,No,21,4,3,80,2,9,2,4,5,0,0,3,0,Recently Promoted
33,Yes,Travel_Rarely,211,Sales,16,3,Life Sciences,1,1758,1,Female,74,3,3,Sales Executive,1,Single,8564,10092,2,Y,Yes,20,4,3,80,0,11,2,2,0,0,0,0,1,Recently Promoted
42,No,Travel_Rarely,855,Research & Development,12,3,Medical,1,1768,2,Male,57,3,1,Laboratory Technician,2,Divorced,2766,8952,8,Y,No,22,4,2,80,3,7,6,2,5,3,0,4,0,Recently Promoted
41,No,Travel_Rarely,548,Research & Development,9,4,Life Sciences,1,1772,3,Male,94,3,1,Laboratory Technician,1,Divorced,2289,20520,1,Y,No,20,4,2,80,2,5,2,3,5,3,0,4,0,Recently Promoted
53,No,Non-Travel,661,Research & Development,1,4,Medical,1,1775,1,Female,60,2,4,Manufacturing Director,3,Married,12965,22308,4,Y,Yes,20,4,4,80,3,27,2,2,3,2,0,2,0,Recently Promoted
39,No,Travel_Rarely,1253,Research & Development,10,1,Medical,1,1800,3,Male,65,3,3,Research Director,3,Single,13464,7914,7,Y,No,21,4,3,80,0,9,3,3,4,3,2,2,0,Mid-Stagnant
46,Yes,Travel_Rarely,261,Research & Development,21,2,Medical,1,1821,4,Female,66,3,2,Healthcare Representative,2,Married,8926,10842,4,Y,No,22,4,4,80,1,13,2,4,9,7,3,7,0,Mid-Stagnant
34,No,Travel_Rarely,810,Sales,8,2,Technical Degree,1,1823,2,Male,92,4,2,Sales Executive,3,Married,6799,22128,1,Y,No,21,4,3,80,2,10,5,3,10,8,4,8,0,Highly Stagnant
58,No,Non-Travel,350,Sales,2,3,Medical,1,1824,2,Male,52,3,4,Manager,2,Divorced,16291,22577,4,Y,No,22,4,4,80,1,37,0,2,16,9,14,14,0,Highly Stagnant
28,No,Travel_Rarely,1217,Research & Development,1,3,Medical,1,1834,3,Female,67,3,1,Research Scientist,1,Married,3591,12719,1,Y,No,25,4,3,80,1,3,3,3,3,2,1,2,0,Recently Promoted
38,No,Travel_Rarely,723,Sales,2,4,Marketing,1,1835,2,Female,77,1,2,Sales Representative,4,Married,5405,4244,2,Y,Yes,20,4,1,80,2,20,4,2,4,2,0,3,1,Recently Promoted
45,No,Non-Travel,589,Sales,2,4,Life Sciences,1,1845,3,Female,67,3,2,Sales Executive,3,Married,5154,19665,4,Y,No,22,4,2,80,2,10,3,4,8,7,5,7,0,Highly Stagnant
36,No,Travel_Rarely,430,Research & Development,2,4,Other,1,1847,4,Female,73,3,2,Research Scientist,2,Married,6962,19573,4,Y,Yes,22,4,4,80,1,15,2,3,1,0,0,0,1,Recently Promoted
43,No,Travel_Frequently,1422,Sales,2,4,Life Sciences,1,1849,1,Male,92,3,2,Sales Executive,4,Married,5675,19246,1,Y,No,20,4,3,80,1,7,5,3,7,7,7,7,0,Highly Stagnant
42,No,Non-Travel,355,Research & Development,10,4,Technical Degree,1,1854,3,Male,38,3,1,Research Scientist,3,Married,2936,6161,3,Y,No,22,4,2,80,2,10,1,2,6,3,3,3,0,Mid-Stagnant
27,No,Travel_Rarely,728,Sales,23,1,Medical,1,1864,2,Female,36,2,2,Sales Representative,3,Married,3540,7018,1,Y,No,21,4,4,80,1,9,5,3,9,8,5,8,0,Highly Stagnant
29,Yes,Travel_Frequently,459,Research & Development,24,2,Life Sciences,1,1868,4,Male,73,2,1,Research Scientist,4,Single,2439,14753,1,Y,Yes,24,4,2,80,0,1,3,2,1,0,1,0,1,Recently Promoted
46,Yes,Travel_Rarely,1254,Sales,10,3,Life Sciences,1,1869,3,Female,64,3,3,Sales Executive,2,Married,7314,14011,5,Y,No,21,4,3,80,3,14,2,3,8,7,0,7,0,Recently Promoted
55,No,Travel_Rarely,836,Research & Development,2,4,Technical Degree,1,1873,2,Male,98,2,1,Research Scientist,4,Married,2662,7975,8,Y,No,20,4,2,80,1,19,2,4,5,2,0,4,0,Recently Promoted
22,Yes,Travel_Rarely,391,Research & Development,7,1,Life Sciences,1,1878,4,Male,75,3,1,Research Scientist,2,Single,2472,26092,1,Y,Yes,23,4,1,80,0,1,2,3,1,0,0,0,1,Recently Promoted
37,No,Travel_Rarely,783,Research & Development,7,4,Medical,1,1885,4,Male,78,3,2,Research Scientist,1,Married,4284,13588,5,Y,Yes,22,4,3,80,1,16,2,3,5,3,0,4,1,Recently Promoted
36,No,Travel_Frequently,1213,Human Resources,2,1,Human Resources,1,1890,2,Male,94,2,2,Human Resources,4,Single,3886,4223,1,Y,No,21,4,4,80,0,10,2,2,10,1,0,8,0,Recently Promoted
34,Yes,Non-Travel,967,Research & Development,16,4,Technical Degree,1,1905,4,Male,85,1,1,Research Scientist,1,Married,2307,14460,1,Y,Yes,23,4,2,80,1,5,2,3,5,2,3,0,1,Mid-Stagnant
41,No,Travel_Rarely,337,Sales,8,3,Marketing,1,1909,3,Female,54,3,2,Sales Executive,2,Married,4393,26841,5,Y,No,21,4,3,80,1,14,3,3,5,4,1,4,0,Recently Promoted
39,No,Travel_Rarely,867,Research & Development,9,2,Medical,1,1936,1,Male,87,3,2,Manufacturing Director,1,Married,5151,12315,1,Y,No,25,4,4,80,1,10,3,3,10,0,7,9,0,Highly Stagnant
36,No,Non-Travel,1351,Research & Development,9,4,Life Sciences,1,1949,1,Male,66,4,1,Laboratory Technician,2,Married,2810,9238,1,Y,No,22,4,2,80,0,5,3,3,5,4,0,2,0,Recently Promoted
34,No,Travel_Rarely,937,Sales,1,3,Marketing,1,1950,1,Male,32,3,3,Sales Executive,4,Single,9888,6770,1,Y,No,21,4,1,80,0,14,3,2,14,8,2,1,0,Mid-Stagnant
31,No,Travel_Frequently,1125,Research & Development,1,3,Life Sciences,1,1956,4,Male,48,1,2,Research Scientist,1,Married,5003,5771,1,Y,No,21,4,2,80,0,10,6,3,10,8,8,7,0,Highly Stagnant
32,No,Travel_Rarely,1373,Research & Development,5,4,Life Sciences,1,1966,4,Male,56,2,2,Manufacturing Director,4,Single,9679,10138,8,Y,No,24,4,2,80,0,8,1,3,1,0,0,0,0,Recently Promoted
33,No,Travel_Frequently,1303,Research & Development,7,2,Life Sciences,1,1970,4,Male,36,3,2,Healthcare Representative,3,Divorced,5968,18079,1,Y,No,20,4,3,80,3,9,2,3,9,7,2,8,0,Mid-Stagnant
31,No,Non-Travel,697,Research & Development,10,3,Medical,1,1979,3,Female,40,3,3,Research Director,3,Married,11031,26862,4,Y,No,20,4,3,80,1,13,2,4,11,7,4,8,0,Highly Stagnant
47,No,Travel_Rarely,1180,Research & Development,25,3,Medical,1,1993,1,Male,84,3,3,Healthcare Representative,3,Single,8633,13084,2,Y,No,23,4,2,80,0,25,3,3,17,14,12,11,0,Highly Stagnant
41,No,Travel_Rarely,642,Research & Development,1,3,Life Sciences,1,1999,4,Male,76,3,1,Research Scientist,4,Married,2782,21412,3,Y,No,22,4,1,80,1,12,3,3,5,3,1,0,0,Recently Promoted
37,No,Travel_Rarely,161,Research & Development,10,3,Life Sciences,1,2017,3,Female,42,4,3,Research Director,4,Married,13744,15471,1,Y,Yes,25,4,1,80,1,16,2,3,16,11,6,8,1,Highly Stagnant
25,No,Travel_Rarely,1382,Sales,8,2,Other,1,2018,1,Female,85,3,2,Sales Executive,3,Divorced,4907,13684,0,Y,Yes,22,4,2,80,1,6,3,2,5,3,0,4,1,Recently Promoted
56,No,Non-Travel,667,Research & Development,1,4,Life Sciences,1,2026,3,Male,57,3,2,Healthcare Representative,3,Divorced,6306,26236,1,Y,No,21,4,1,80,1,13,2,2,13,12,1,9,0,Recently Promoted
41,No,Travel_Rarely,582,Research & Development,28,4,Life Sciences,1,2034,1,Female,60,2,4,Manufacturing Director,2,Married,13570,5640,0,Y,No,23,4,3,80,1,21,3,3,20,7,0,10,0,Recently Promoted
34,No,Travel_Rarely,704,Sales,28,3,Marketing,1,2035,4,Female,95,2,2,Sales Executive,3,Married,6712,8978,1,Y,No,21,4,4,80,2,8,2,3,8,7,1,7,0,Recently Promoted
36,No,Non-Travel,301,Sales,15,4,Marketing,1,2036,4,Male,88,1,2,Sales Executive,4,Divorced,5406,10436,1,Y,No,24,4,1,80,1,15,4,2,15,12,11,11,0,Highly Stagnant
27,No,Travel_Rarely,155,Research & Development,4,3,Life Sciences,1,2064,2,Male,87,4,2,Manufacturing Director,2,Married,6142,5174,1,Y,Yes,20,4,2,80,1,6,0,3,6,2,0,3,1,Recently Promoted
